train_loss,val_loss,train_accuracy,val_accuracy,train_f1,val_f1,train_precision,val_precision,train_recall,val_recall
0.993902161645196,0.9525291448079266,0.9174878836833585,0.9620812421150782,0.7999640505434568,0.9172876029925534,0.7796647666046534,0.9128224568824084,0.8960763115102528,0.9408143027662367
0.9411001192926398,0.9416819617007542,0.9669493807215938,0.9721756554769353,0.9292797753976076,0.9350974000566341,0.9129069992210976,0.9249399163450628,0.965164533290373,0.967812831440175
0.9344367410909379,0.9371122156532066,0.9735460420032319,0.9767266263507217,0.9403495132237476,0.9444394455477028,0.9300311927457271,0.933341701945806,0.9670488316572239,0.9753869005947974
0.9322700991576631,0.9354417037616656,0.9757168820678518,0.9785470147002365,0.9464123452974427,0.9493611219995973,0.9338526821885073,0.9397361236048284,0.9749374246526127,0.9777398773152192
0.9299712597072028,0.9348311652836291,0.9778540656973603,0.979052678130657,0.9490193717177452,0.940726587284977,0.9381179037618074,0.9402880631109145,0.9754189716559624,0.9630580173913249
0.9286283890149513,0.9342380898091399,0.9792844641895527,0.9793560761889095,0.9498163067211571,0.9376645269998324,0.9403597029954563,0.9419106832509392,0.97465064092282,0.9564120194224514
0.927691554792093,0.9334832551409897,0.9800585621970923,0.9802662703636669,0.9477265997459755,0.9468370880892559,0.9418651999542704,0.9418208221762939,0.9702093031089791,0.9717552383996544
0.9270981851610113,0.9331457328449175,0.9806138933764139,0.9805696684219193,0.949441947087205,0.9428968300590141,0.9432408006602792,0.9418962465096398,0.9714851326065743,0.9657235944290578
