train_loss,val_loss,train_accuracy,val_accuracy,train_f1,val_f1,train_precision,val_precision,train_recall,val_recall
1.0056466743325956,0.9291858071262397,0.9533185245018838,0.9916754086446166,0.894541936412591,0.9766439126581503,0.9066915755049054,0.9757017999252533,0.9278461395661587,0.9833587433652595
0.9193939599351467,0.9212382768543022,0.9919224555735057,0.9948610882562674,0.9824786259580639,0.9858880359533948,0.9814737518391655,0.9804253237455774,0.9868203807192885,0.9953717790049342
0.9149885245979507,0.9171520636498349,0.9948000807754447,0.9980279126213601,0.9883004613616513,0.9901018027494748,0.9887167672192679,0.9881686411823102,0.9900654762154711,0.9953205792804464
0.9127237224809958,0.9145638893530207,0.9962809639203016,1.000676217706106,0.9912690462866274,0.9964876374626319,0.9911443929121501,0.9967657366882173,0.9931912768281193,0.998354318338772
0.9107482291770097,0.9145714611683077,0.9980142703284874,1.0001516990291268,0.9949288973859021,0.9959562161621788,0.994246392402899,0.9954640116188408,0.9967648618295001,0.9985368556030186
0.9098376660624306,0.9135672713367684,0.9986537425955843,1.0007079288025895,0.9960528099990662,0.9970446668301184,0.9955580000053785,0.9974765647007106,0.9975376386115754,0.9985289678354894
0.9087312355372748,0.9125342111564377,0.9995961227786753,1.0018709546925573,0.9976964295509704,0.9987830084179001,0.9972024737969065,0.9983579097818843,0.9989305221361184,1.000976600144214
0.9081076052346791,0.9122585677406163,1.0002355950457722,1.0021237864077677,0.9991104324099987,0.9991164182130567,0.9985899314029896,0.9987837651824394,1.0000712404218484,1.0011693549240053
