train_loss,val_loss,train_accuracy,val_accuracy,train_f1,val_f1,train_precision,val_precision,train_recall,val_recall
1.1271564853595801,1.0895651147782224,0.8078486806677436,0.8218282047062694,0.4079837139725192,0.44044352262942715,0.45458314628353874,0.5098439145137299,0.7789807766030401,0.8079798605309657
0.9927833207396968,0.9638667164497006,0.9226373182552503,0.9571574515934396,0.7934718967513991,0.8862958374679958,0.7959002846169098,0.8885151608300998,0.9090421721141216,0.9066998076006438
0.9344313026244883,0.9345726257967717,0.9771977652127081,0.9821183698096646,0.9469506226725644,0.9499064660446225,0.942898939621048,0.9493388474631722,0.9620421203097576,0.9629521268000973
0.9258426337326864,0.9244744054322104,0.9838785675821214,0.9910497572815542,0.9624176090217249,0.9755024710503877,0.9586680143159185,0.9696063031202,0.9744437727808415,0.9875721295119338
0.9223738209688991,0.9282479911174589,0.986941303177168,0.9872572815533979,0.96981832550273,0.9641135893079935,0.9657963858089555,0.9597617413854801,0.9801602419422722,0.9789007042319664
0.919922936906337,0.9214963872455856,0.9888933764135702,0.9934263754045315,0.9738236635184718,0.9791976318221756,0.9709435301240227,0.9782707193187936,0.9823135692943135,0.986268493351363
0.9172077825073279,0.9205042847151895,0.9918046580506186,0.994336569579289,0.9805639829841903,0.9819870021195152,0.9768538899842331,0.9789821923094957,0.9887498461852475,0.9909330723002512
0.9157023416389749,0.9205240717211973,0.9931004308023692,0.9941848705501626,0.9835452639259367,0.981485973383251,0.9801837425225903,0.9789137388289231,0.9907477759084735,0.9899160088554185
